广告活动,关键词,匹配类型,竞价,状态
词组主干,nonslip bathtub mat,phrase,0.82,enabled
词组主干,nonslip bathtub mat machine washable,phrase,1.1,paused
属性-吸盘款2,non slip bathtub mat with suction cups,broad,1.02,enabled
词组主干,machine washable bathtub mat non slip,phrase,1.1,enabled
属性-吸盘款,anti slip bath towel mat with suction cups,broad,1.02,enabled
精确主干,bathtub mat non slip,exact,1.06,enabled
精确主干,shower stall runner rugs,exact,1.06,enabled
词组主干,bathtub mat non slip,phrase,1.1,enabled
精确主干,non slip bathtub mat,exact,1.06,enabled
属性-防霉款,shower mildew resistant mat,broad,1.02,enabled
属性-吸盘款,non slip shower mat machine washable with strong suction cups,broad,1.02,enabled
属性-防霉款,nonslip mildew resistant mat tub draining,broad,1.02,enabled
词组拓词,non skid bathtub mat,phrase,0.94,enabled
属性-吸盘款2,bathtub runner rugs with trusted suction cups,broad,1.02,enabled
属性-吸盘款,nonslip bathtub mat machine washable with suction cups,broad,1.02,enabled
属性-吸盘款,machine washable bathtub runner rugs non slip with suction cups,broad,1.02,enabled
精确主干,nonslip bathtub mat machine washable,exact,1.06,enabled
属性-吸盘款2,non slip toilet brushes with suction cups compact,broad,1.02,enabled
属性-防霉款,mildew resistant shower stall mats non slip,broad,1.02,enabled
属性-防霉款,ulmaro non slip bathtub rugs mildew resistant,broad,1.02,enabled
词组主干,anti slip bathtub mat machine washable,phrase,1.1,paused
词组主干,shower stall runner rugs,phrase,1.1,enabled
属性-吸盘款,bathtub runner rugs with trusted suction cups,broad,1.02,enabled
词组拓词,runners for bathtub anti slip,phrase,1.05,enabled
词组主干,non slip mat for bathtub machine washable,phrase,1.1,enabled
词组主干,shower stall mat non slip,phrase,0.82,enabled
属性-吸盘款,non slip shower stall mat strong and original with suction cups,broad,1.02,enabled
词组拓词,bathtub rugs non slip,phrase,1.05,enabled
精确主干,non slip mat for bathtub machine washable,exact,1.06,enabled
词组拓词,bathtub bath mat non slip,phrase,1.05,enabled
属性-吸盘款,non slip bathtub mat with suction cups,broad,1.02,enabled
广泛大词,bathtub mat non slip,broad,1.1,enabled
精确主干,anti slip bathtub mat machine washable,exact,1.06,enabled
属性-吸盘款2,anti slip bath towel mat with suction cups,broad,1.02,enabled
属性-吸盘款,nonslip bathtub mat with suction cups,broad,1.17,enabled
属性-防霉款,mildew resistant trusted bathtub mat non slip,broad,1.02,enabled
属性-吸盘款2,nonslip bathtub rugs with suction cups,broad,1.02,enabled
精确主干,nonslip bathtub mat,exact,1.06,enabled
属性-吸盘款2,thick tub showers machine washable strong suction cups rugs non slip,broad,1.02,enabled
属性-吸盘款2,non slip shower stall mat strong and original with suction cups,broad,1.02,enabled
精确主干,machine washable bathtub mat non slip,exact,0.98,enabled
属性-防霉款,mildew resistant shower stall mat,broad,1.02,enabled
属性-防霉款,mildew resistant non slip bathtub mat,broad,1.02,enabled
属性-防霉款,mildew resistant bathtub mat non slip,broad,1.02,enabled
属性-吸盘款2,nonslip bathtub mat machine washable with suction cups,broad,1.02,enabled
属性-吸盘款,fairman non slip shower stall mat with suction cups,broad,1.02,enabled
词组主干,non slip bathtub mat,phrase,1.1,enabled
属性-吸盘款,thick tub showers machine washable strong suction cups rugs non slip,broad,1.02,enabled
属性-吸盘款,nonslip bathtub rugs with suction cups,broad,1.02,enabled
精确主干,shower stall mat non slip,exact,1.06,enabled
属性-吸盘款2,non slip shower mat machine washable with strong suction cups,broad,1.02,enabled
属性-吸盘款2,machine washable bathtub runner rugs non slip with suction cups,broad,1.02,enabled
属性-吸盘款,non slip toilet brushes with suction cups compact,broad,1.02,enabled
